"test_id","test_assignment","user_id","avg_total_revenue","stddev_total_revenue"
4,"0",7210,0.16130374479889042996,0.40687048384305128388
4,"1",4680,0.15619658119658119658,0.39844222719098433688
5,"0",34420,0.15697269029633933759,0.39817403893114109521
5,"1",34143,0.16058928623729607826,0.39977180473030909030
6,"0",21687,0.15866648222437404897,0.40099414379769273443
6,"1",21703,0.16122195088236649311,0.40665850048658558025
7,"0",19376,0.14151527663088356730,0.38177616218377725474
7,"1",19271,0.14872087592755954543,0.39005315257874438393
